<?xml version="1.0" encoding="UTF-8"?>
<metadata xml:lang="en"><Esri><CreaDate>20130731</CreaDate><CreaTime>10045800</CreaTime><ArcGISFormat>1.0</ArcGISFormat><SyncOnce>TRUE</SyncOnce><DataProperties><lineage><Process ToolSource="C:\Program Files (x86)\ArcGIS\Desktop10.0\ArcToolbox\Toolboxes\Data Management Tools.tbx\DeleteField" Date="20130731" Time="100458">DeleteField "G:\Information Management\Maps\Documents, Forms, and Templates\Training\Vietnam_Training\05_Data\03_Shapefiles\00_Country\Cities\VNM_populatedPlaces_ne10m.shp" NAMEPAR;DIFFASCII;ADM0CAP;CAPALT;CAPIN;WORLDCITY;MEGACITY;CHANGED;NAMEDIFF;DIFFNOTE;POP_MAX;POP_MIN;POP_OTHER;RANK_MAX;RANK_MIN;MEGANAME;LS_MATCH;CHECKME;MAX_POP10;MAX_POP20;MAX_POP50;MAX_POP300;MAX_POP310;MAX_NATSCA;MIN_AREAKM;MAX_AREAKM;MIN_AREAMI;MAX_AREAMI;MIN_PERKM;MAX_PERKM;MIN_PERMI;MAX_PERMI;MIN_BBXMIN;MAX_BBXMIN;MIN_BBXMAX;MAX_BBXMAX;MIN_BBYMIN;MAX_BBYMIN;MIN_BBYMAX;MAX_BBYMAX;MEAN_BBXC;MEAN_BBYC;COMPARE;ELEVATION;POP1950;POP1955;POP1960;POP1965;POP1970;POP1975;POP1980;POP1985;POP1990;POP1995;POP2000;POP2005;POP2010;POP2015;POP2020;POP2025;POP2050;CITYALT</Process></lineage></DataProperties></Esri></metadata>
