<?xml version="1.0" encoding="UTF-8"?>
<metadata xml:lang="en"><Esri><CreaDate>20130731</CreaDate><CreaTime>14514800</CreaTime><ArcGISFormat>1.0</ArcGISFormat><SyncOnce>TRUE</SyncOnce><DataProperties><itemProps><itemLocation><linkage Sync="TRUE">file://\\arcdcwas1fs1\dept\wdc1\isd\isd\common\Information Management\Maps\Documents, Forms, and Templates\Training\Vietnam_Training\05_Data\03_Shapefiles\00_Country\Hanoi\Hanoi_OSM_key_highway</linkage><protocol Sync="TRUE">Local Area Network</protocol></itemLocation></itemProps><copyHistory><copy source="G:\Information Management\Maps\Documents, Forms, and Templates\Training\Vietnam_Training\Hanoi_OSM_test\Hanoi_OSM_key_highway" dest="\\arcdcwas1fs1\dept\wdc1\isd\isd\common\Information Management\Maps\Documents, Forms, and Templates\Training\Vietnam_Training\05_Data\03_Shapefiles\00_Country\Hanoi\Hanoi_OSM_key_highway" date="20130731" time="14514800"></copy></copyHistory></DataProperties></Esri></metadata>
